,id_cliente,nome,nomeSocial,genero,dataNascimento,documento,tipoDocumento
0,1,Huguinho,None,masculino,1980-03-03,741.852.963/89,CPF
1,2,Sivester Star Longe,None,masculino,1980-03-03,123.456.789/09,CPF
2,3,Zezinho,None,masculino,1985-02-05,12.123.456-3,RG
3,5,Lindinha,None,feminino,2000-02-02,963.852.741/25,CPF
4,6,Docinho,None,feminino,2000-02-02,98.321.654-0,RG
5,7,Florzinha,None,feminino,2000-02-02,87.654.321-9,RG
6,8,Isabella Campos,None,Feminino,1970-03-30,416.079.823-31,CPF
7,9,Calebe Rezende,None,Masculino,1936-09-05,704.358.162-17,CPF
8,10,Esther Castro,None,Feminino,1948-11-22,719.304.265-34,CPF
9,11,Alice Nascimento,None,Feminino,1956-02-21,431.095.826-51,CPF
10,12,Pedro Lucas Freitas,None,Masculino,1967-01-01,182.695.307-86,CPF
11,13,Sarah Correia,None,Feminino,1976-06-26,374.892.015-60,CPF
12,14,Luiz Gustavo Farias,None,Masculino,1997-09-24,013.864.792-50,CPF
13,15,Arthur Peixoto,None,Masculino,1974-02-02,769.180.452-02,CPF
14,16,Joana Fogaça,None,Feminino,1973-12-21,251.976.804-58,CPF
15,17,Amanda Gonçalves,None,Feminino,2000-06-13,403.827.916-22,CPF
16,18,Amanda da Costa,None,Feminino,1999-10-12,803.269.175-86,CPF
17,19,Elisa Pinto,None,Feminino,1977-04-23,128.573.490-41,CPF
18,20,Alexandre Rocha,None,Masculino,1944-03-24,694.105.287-20,CPF
19,21,Nathan Ramos,None,Masculino,1979-04-18,297.035.614-70,CPF
20,22,Ryan Cardoso,None,Masculino,1963-10-06,024.791.385-50,CPF
21,23,Marcela Silva,None,Feminino,1972-07-02,839.504.217-50,CPF
22,24,Stephany Ferreira,None,Feminino,1970-06-07,965.423.180-89,CPF
23,25,Yasmin Silva,None,Feminino,1975-01-17,280.571.436-90,CPF
24,26,Vitor Hugo Moraes,None,Masculino,1936-07-02,657.894.203-38,CPF
25,27,Cauê Araújo,None,Masculino,1970-11-28,201.853.796-21,CPF
26,28,Pedro Jesus,None,Masculino,1965-04-26,145.263.890-05,CPF
27,29,Nicole da Costa,None,Feminino,1936-12-23,485.316.092-24,CPF
28,30,Júlia Silveira,None,Feminino,2005-03-20,627.098.315-03,CPF
29,31,Ryan Vieira,None,Masculino,1948-04-09,172.360.854-80,CPF
30,32,Leandro Pereira,None,Masculino,1936-11-07,634.208.591-98,CPF
31,33,Nina Martins,None,Feminino,1984-06-01,491.805.367-00,CPF
32,34,Ana Nascimento,None,Feminino,1978-01-04,587.264.190-76,CPF
33,35,Marcelo da Conceição,None,Masculino,1977-09-20,342.801.576-26,CPF
34,36,Maria Clara Cardoso,None,Feminino,1949-05-31,230.541.968-60,CPF
35,37,Kaique Araújo,None,Masculino,1935-09-22,105.463.829-24,CPF
36,38,Levi Almeida,None,Masculino,1964-09-14,059.267.384-74,CPF
37,39,Eloah Oliveira,None,Feminino,1964-01-05,396.754.821-09,CPF
38,40,Matheus das Neves,None,Masculino,1940-05-24,460.875.932-92,CPF
39,41,Lucas Farias,None,Masculino,1969-06-27,871.692.053-86,CPF
40,42,Cecília Almeida,None,Feminino,1933-11-08,029.564.817-11,CPF
41,43,Maria Julia da Paz,None,Feminino,1990-03-14,425.190.638-15,CPF
42,44,Benjamin Moraes,None,Masculino,1940-05-03,324.761.850-35,CPF
43,45,Davi Luiz das Neves,None,Masculino,2005-04-17,182.574.063-17,CPF
44,46,Danilo Rezende,None,Masculino,1939-11-03,084.613.927-87,CPF
45,47,Evelyn Azevedo,None,Feminino,2000-10-15,830.457.612-08,CPF
46,48,Maitê Freitas,None,Feminino,1961-05-23,908.761.254-02,CPF
47,49,Carlos Eduardo Duarte,None,Masculino,1935-11-06,564.723.910-25,CPF
48,50,Lucas Duarte,None,Masculino,1946-08-27,823.164.095-98,CPF
49,51,Maitê Peixoto,None,Feminino,1938-08-14,210.693.758-02,CPF
50,52,Caroline Freitas,None,Feminino,1996-04-01,054.816.327-80,CPF
51,53,Ryan Dias,None,Masculino,1937-03-07,216.378.094-50,CPF
52,54,Luna Souza,None,Feminino,1985-07-30,951.387.402-88,CPF
53,55,Melissa Mendes,None,Feminino,1951-06-29,391.567.284-09,CPF
54,56,Anthony Silva,None,Masculino,1943-06-11,743.592.618-37,CPF
55,57,Cauê Costela,None,Masculino,1976-09-13,685.147.239-28,CPF
56,58,Davi Lucca Cardoso,None,Masculino,1946-04-11,643.217.598-46,CPF
57,59,Kaique da Cruz,None,Masculino,1954-10-05,607.591.348-39,CPF
58,60,Maria Fernanda Jesus,None,Feminino,1945-02-25,785.463.129-82,CPF
59,61,João Gabriel Monteiro,None,Masculino,1996-06-16,047.892.165-94,CPF
60,62,Fernanda da Cruz,None,Feminino,1986-07-23,864.305.172-17,CPF
61,63,Lucas Gabriel Moraes,None,Masculino,1965-03-20,678.019.325-95,CPF
62,64,Emilly Rocha,None,Feminino,1957-07-16,287.301.659-03,CPF
63,65,Gabriela Sales,None,Feminino,1968-07-23,043.651.872-44,CPF
64,66,Valentina Caldeira,None,Feminino,1935-06-04,014.258.769-94,CPF
65,67,Lucas Gabriel da Rocha,None,Masculino,2003-05-31,183.290.756-21,CPF
66,68,Beatriz da Rosa,None,Feminino,1991-04-29,384.206.195-15,CPF
67,69,Maria Alice Moraes,None,Feminino,1964-01-05,903.816.274-03,CPF
68,70,Joana da Mota,None,Feminino,2004-08-28,635.270.914-16,CPF
69,71,Matheus da Cunha,None,Masculino,1952-11-04,093.582.176-77,CPF
70,72,Enzo Gabriel Cardoso,None,Masculino,1955-07-17,781.092.354-41,CPF
71,73,Marcelo da Luz,None,Masculino,1946-05-18,763.045.821-53,CPF
72,74,Enzo Gabriel Barbosa,None,Masculino,1935-12-17,392.086.174-40,CPF
73,75,Isabelly Sales,None,Feminino,1982-05-23,837.614.209-78,CPF
74,76,Lucca Rodrigues,None,Masculino,1971-01-03,795.846.312-09,CPF
75,77,Sophia das Neves,None,Feminino,1963-01-11,180.723.956-02,CPF
76,78,Emanuelly Caldeira,None,Feminino,1978-08-22,210.678.593-30,CPF
77,79,Agatha Duarte,None,Feminino,1960-02-21,815.943.072-88,CPF
78,80,Luiz Fernando da Rocha,None,Masculino,1990-06-06,623.594.708-92,CPF
79,81,Vitória Barbosa,None,Feminino,1979-05-09,543.761.289-37,CPF
80,82,Pietro Costa,None,Masculino,1995-02-14,983.267.154-09,CPF
81,83,Gabriel Silveira,None,Masculino,1993-07-18,453.086.129-51,CPF
82,84,Thomas Dias,None,Masculino,1976-10-17,540.681.329-33,CPF
83,85,Kevin Ramos,None,Masculino,1941-02-28,419.852.630-33,CPF
84,86,Lorena Moraes,None,Feminino,1994-03-29,840.657.219-11,CPF
85,87,Sophie Caldeira,None,Feminino,1980-06-15,602.458.791-02,CPF
86,88,Camila Ferreira,None,Feminino,1991-09-28,401.523.867-26,CPF
87,89,Maria Clara Peixoto,None,Feminino,1992-04-22,402.371.658-80,CPF
88,90,Rafael Aragão,None,Masculino,1955-05-27,764.592.318-00,CPF
89,91,Lavínia Campos,None,Feminino,1966-09-27,184.569.327-28,CPF
90,92,Daniel Vieira,None,Masculino,1993-12-16,264.935.081-42,CPF
91,93,Fernanda Viana,None,Feminino,1955-08-21,976.318.054-66,CPF
92,94,Ana Laura Dias,None,Feminino,1935-06-24,130.524.876-71,CPF
93,95,João Gabriel Moreira,None,Masculino,1947-07-29,328.196.750-77,CPF
94,96,Rodrigo Monteiro,None,Masculino,1936-03-05,782.905.364-29,CPF
95,97,Marina Farias,None,Feminino,1961-03-30,746.523.098-56,CPF
96,98,Theo Freitas,None,Masculino,1956-02-02,543.167.289-46,CPF
97,99,Gustavo Henrique Pinto,None,Masculino,1973-03-21,349.812.706-31,CPF
98,100,Isabel Duarte,None,Feminino,1955-11-08,498.375.162-91,CPF
99,101,Pedro Lucas Rodrigues,None,Masculino,1994-03-06,961.483.052-24,CPF
100,102,Cauã Cavalcanti,None,Masculino,1987-05-07,289.031.567-30,CPF
101,103,Brenda Nunes,None,Feminino,1963-11-25,249.087.635-00,CPF
102,104,Luiz Fernando Pereira,None,Masculino,2002-09-10,027.936.845-38,CPF
103,105,Emanuel Cunha,None,Masculino,1970-04-22,567.943.820-83,CPF
104,106,Caroline Porto,None,Feminino,1943-11-29,502.719.643-16,CPF
105,107,Emilly da Mota,None,Feminino,2000-07-17,647.182.395-91,CPF
106,108,João Gabriel Nogueira,None,Masculino,1966-10-05,126.795.084-67,CPF
107,109,Erick Fogaça,None,Masculino,1945-08-25,382.451.079-05,CPF
108,110,João Vitor Barros,None,Masculino,1998-04-02,648.279.510-20,CPF
109,111,João Felipe Souza,None,Masculino,1973-01-19,628.591.730-21,CPF
110,112,Heitor Dias,None,Masculino,1947-07-17,519.476.028-02,CPF
111,113,Felipe Jesus,None,Masculino,1956-07-01,496.513.028-60,CPF
112,114,Luiz Otávio Ramos,None,Masculino,1984-06-26,708.562.193-12,CPF
113,115,Emanuella Viana,None,Feminino,1996-07-16,657.182.934-73,CPF
114,116,Augusto Cardoso,None,Masculino,1951-01-24,497.652.803-00,CPF
115,117,Nicolas Porto,None,Masculino,1981-07-06,501.683.294-33,CPF
116,118,Maria Alice Araújo,None,Feminino,1965-09-23,613.852.709-77,CPF
117,119,João Guilherme Moreira,None,Masculino,1986-09-03,520.379.864-83,CPF
118,120,Erick Barbosa,None,Masculino,1961-04-07,264.150.873-71,CPF
119,121,Milena Dias,None,Feminino,1973-03-30,529.863.714-00,CPF
120,122,Calebe Mendes,None,Masculino,1939-05-17,063.248.517-53,CPF
121,123,Pedro Costela,None,Masculino,1976-06-09,634.120.598-89,CPF
122,124,Leonardo Fogaça,None,Masculino,1935-08-28,502.497.186-85,CPF
123,125,Gabriel Moreira,None,Masculino,1991-03-06,803.657.291-59,CPF
124,126,Kaique Carvalho,None,Masculino,1947-01-13,108.423.965-51,CPF
125,127,Luiz Miguel da Rocha,None,Masculino,1960-02-07,784.603.192-96,CPF
126,128,Clara Barros,None,Feminino,1941-05-24,731.890.465-57,CPF
127,129,João Felipe Araújo,None,Masculino,1998-03-20,874.632.915-37,CPF
128,130,Nicole Castro,None,Feminino,1946-03-18,593.814.760-39,CPF
129,131,João das Neves,None,Masculino,1984-05-01,064.839.721-13,CPF
130,132,Raquel Cavalcanti,None,Feminino,1982-07-30,984.613.250-60,CPF
131,133,Mirella Ferreira,None,Feminino,1973-07-13,612.307.984-04,CPF
132,134,Enzo Gabriel da Costa,None,Masculino,1934-03-09,846.139.752-55,CPF
133,135,Maria Fernanda Moura,None,Feminino,1934-11-21,405.978.132-05,CPF
134,136,Alícia Duarte,None,Feminino,1952-12-16,054.217.863-07,CPF
135,137,Davi Luiz Aragão,None,Masculino,1972-10-31,983.576.140-00,CPF
136,138,Elisa Mendes,None,Feminino,1975-11-15,940.726.831-40,CPF
137,139,Arthur Dias,None,Masculino,2001-10-05,671.985.324-46,CPF
138,140,Maria Cecília Oliveira,None,Feminino,1958-08-30,613.527.849-55,CPF
139,141,Ana Laura Araújo,None,Feminino,1975-11-07,654.318.907-00,CPF
140,142,Vitor Nunes,None,Masculino,1954-03-13,167.093.845-00,CPF
141,143,Joaquim Gomes,None,Masculino,1934-07-02,715.064.239-06,CPF
142,144,Ana Júlia Moreira,None,Feminino,1958-05-29,350.172.984-79,CPF
143,145,João Pedro Silva,None,Masculino,1953-09-22,721.904.368-69,CPF
144,146,Vitória Barros,None,Feminino,1989-01-12,342.176.859-55,CPF
145,147,Lívia Cardoso,None,Feminino,1995-02-14,571.342.890-79,CPF
146,148,Ana Júlia Nascimento,None,Feminino,1972-12-22,524.609.873-74,CPF
147,149,Pedro da Conceição,None,Masculino,1958-09-09,528.493.170-04,CPF
148,150,Olivia Moreira,None,Feminino,2006-01-21,405.697.281-85,CPF
149,151,João Felipe Nogueira,None,Masculino,1998-04-11,038.647.529-65,CPF
150,152,Cauê Pinto,None,Masculino,1991-06-11,302.476.195-07,CPF
151,153,João Vitor Gonçalves,None,Masculino,1947-02-28,536.871.290-12,CPF
152,154,Enzo Gabriel Barros,None,Masculino,1952-08-02,504.231.678-71,CPF
153,155,Lívia Rodrigues,None,Feminino,1985-01-11,071.496.358-57,CPF
154,156,Isabel Cardoso,None,Feminino,2002-09-03,596.824.710-01,CPF
155,157,Giovanna Ramos,None,Feminino,1973-04-18,542.931.708-04,CPF
156,158,Cauê Lopes,None,Masculino,1989-03-18,374.082.916-87,CPF
157,159,Vitor Campos,None,Masculino,1937-05-14,716.039.428-31,CPF
158,160,Maria Clara Santos,None,Feminino,2005-10-23,803.412.759-05,CPF
159,161,Nicole da Mata,None,Feminino,1947-01-12,049.265.873-00,CPF
160,162,Isadora Viana,None,Feminino,1960-08-01,230.178.569-68,CPF
161,163,Mariana da Cruz,None,Feminino,1969-10-23,786.593.012-77,CPF
162,164,Emanuelly Carvalho,None,Feminino,1978-08-15,572.381.469-91,CPF
163,165,Mirella Novaes,None,Feminino,1958-10-21,015.743.698-57,CPF
164,166,Ana Lívia Moraes,None,Feminino,1953-05-09,817.043.259-60,CPF
165,167,Gustavo da Costa,None,Masculino,1982-05-21,539.802.164-89,CPF
166,168,Cauê Freitas,None,Masculino,1985-12-02,368.204.957-65,CPF
167,169,Ana Julia da Luz,None,Feminino,1979-10-31,956.201.784-20,CPF
168,170,Pietro Barros,None,Masculino,1985-06-17,518.203.746-53,CPF
169,171,Brenda Araújo,None,Feminino,1973-12-21,673.529.048-83,CPF
170,172,Helena Almeida,None,Feminino,1943-11-06,675.483.910-48,CPF
171,173,Enzo Santos,None,Masculino,1947-09-15,160.497.832-50,CPF
172,174,Yuri Costela,None,Masculino,1977-06-13,219.874.630-13,CPF
173,175,Lucas Gabriel da Luz,None,Masculino,1980-05-26,248.369.170-69,CPF
174,176,Mariana das Neves,None,Feminino,1948-01-15,345.217.698-37,CPF
175,177,Vinicius Gomes,None,Masculino,1960-12-31,524.960.871-01,CPF
176,178,Noah Cardoso,None,Masculino,1964-07-15,743.620.981-78,CPF
177,179,Isis Dias,None,Feminino,1968-03-20,213.487.096-69,CPF
178,180,Lívia Pereira,None,Feminino,1941-01-30,479.806.523-47,CPF
179,181,Vinicius da Paz,None,Masculino,1997-06-22,498.023.657-00,CPF
180,182,João Miguel Lopes,None,Masculino,1936-01-29,538.671.904-10,CPF
181,183,Manuela Ribeiro,None,Feminino,1978-11-03,927.683.051-03,CPF
182,184,Clara Freitas,None,Feminino,1941-04-05,956.072.381-21,CPF
183,185,Breno da Cunha,None,Masculino,1951-09-15,985.430.176-10,CPF
184,186,Amanda Pinto,None,Feminino,1962-08-10,297.314.056-07,CPF
185,187,Ana Júlia Caldeira,None,Feminino,1993-01-01,561.890.274-58,CPF
186,188,Alice Viana,None,Feminino,1941-05-09,356.297.041-25,CPF
187,189,Miguel Pereira,None,Masculino,1953-07-13,825.743.016-17,CPF
188,190,Lucca das Neves,None,Masculino,1973-11-16,132.687.590-68,CPF
189,191,Nathan Nogueira,None,Masculino,1948-02-11,487.391.065-00,CPF
190,192,Gabriel Porto,None,Masculino,1991-05-09,590.142.763-70,CPF
191,193,Lara Alves,None,Feminino,1999-04-17,014.823.967-69,CPF
192,194,Kevin Ribeiro,None,Masculino,1969-02-28,931.568.702-77,CPF
193,195,João Felipe Cavalcanti,None,Masculino,1954-10-02,490.316.758-57,CPF
194,196,Eduarda Moura,None,Feminino,1995-04-25,825.431.096-33,CPF
195,197,Luiz Felipe Pinto,None,Masculino,1982-11-14,026.983.715-95,CPF
196,198,Maria Eduarda Ferreira,None,Feminino,1990-02-04,905.871.643-01,CPF
197,199,Anthony Pires,None,Masculino,1954-05-21,935.601.748-48,CPF
198,200,Emanuella Silveira,None,Feminino,1968-04-18,460.928.531-24,CPF
199,201,Gabriela Almeida,None,Feminino,1938-05-15,315.284.709-23,CPF
200,202,Camila Pires,None,Feminino,1944-12-12,120.386.957-68,CPF
201,203,Carlos Eduardo Mendes,None,Masculino,2004-10-25,215.960.387-21,CPF
202,204,Fernanda Novaes,None,Feminino,1972-12-21,156.937.240-34,CPF
203,205,Manuela da Mota,None,Feminino,1958-11-20,261.405.378-35,CPF
204,206,Mirella Moura,None,Feminino,1988-01-30,657.932.480-56,CPF
205,207,Mirella Araújo,None,Feminino,1983-05-26,569.127.830-40,CPF
206,208,Eduardo Pires,None,Masculino,1943-01-22,381.506.924-60,CPF
207,209,Marcelo Caldeira,None,Masculino,1964-10-11,572.410.683-35,CPF
208,210,Eduardo Cardoso,None,Masculino,1959-04-21,318.965.042-05,CPF
209,211,Arthur Pinto,None,Masculino,1944-03-02,270.543.689-83,CPF
210,212,Enzo Gabriel Nunes,None,Masculino,1993-11-11,342.781.605-26,CPF
211,213,André Duarte,None,Masculino,1976-03-20,918.524.067-20,CPF
212,214,Otávio Almeida,None,Masculino,1982-10-28,056.793.841-75,CPF
213,215,João Gabriel Ribeiro,None,Masculino,1986-05-23,642.801.973-69,CPF
214,216,Clara Aragão,None,Feminino,1976-01-12,961.275.340-70,CPF
215,217,Sabrina Pires,None,Feminino,1995-04-17,425.308.761-26,CPF
216,218,Ana Sophia Nascimento,None,Feminino,2006-06-20,975.218.460-01,CPF
217,219,Maria Eduarda Pinto,None,Feminino,1957-12-29,925.476.180-01,CPF
218,220,Alana Moraes,None,Feminino,1977-10-07,970.523.841-32,CPF
219,221,Samuel Moreira,None,Masculino,1941-08-27,456.912.803-33,CPF
220,222,Pedro Henrique da Rosa,None,Masculino,1965-04-13,531.769.082-02,CPF
221,223,Igor Melo,None,Masculino,1948-10-28,824.569.017-11,CPF
222,224,Guilherme Azevedo,None,Masculino,1982-09-26,279.314.086-40,CPF
223,225,Ana Vitória Vieira,None,Feminino,1995-05-25,197.086.243-22,CPF
224,226,Vicente Moraes,None,Masculino,1975-09-25,871.504.326-62,CPF
225,227,Leonardo Nogueira,None,Masculino,2005-09-11,143.756.029-61,CPF
226,228,Francisco Melo,None,Masculino,1976-06-03,395.082.746-38,CPF
227,229,Luiz Otávio Aragão,None,Masculino,1942-11-11,138.920.657-21,CPF
228,230,Cauê Barbosa,None,Masculino,1975-01-09,432.759.810-05,CPF
229,231,Clara Ribeiro,None,Feminino,1999-09-28,069.873.425-47,CPF
230,232,Ana Júlia Lima,None,Feminino,1981-02-14,361.985.047-00,CPF
231,233,Joana Pereira,None,Feminino,2006-02-14,431.956.078-75,CPF
232,234,Thiago Farias,None,Masculino,1956-03-08,351.249.870-14,CPF
233,235,Agatha Carvalho,None,Feminino,1998-06-26,769.451.302-07,CPF
234,236,Raquel Vieira,None,Feminino,1944-10-05,728.495.630-56,CPF
235,237,Cauê da Costa,None,Masculino,1961-05-09,246.719.538-46,CPF
236,238,Emanuel Ferreira,None,Masculino,1993-09-12,847.510.693-57,CPF
237,239,Bernardo Costela,None,Masculino,1952-09-11,801.423.965-24,CPF
238,240,Esther Melo,None,Feminino,1979-07-20,865.793.024-29,CPF
239,241,Gustavo Henrique Cavalcanti,None,Masculino,1975-10-09,348.509.762-47,CPF
240,242,Emanuel Duarte,None,Masculino,1992-02-28,924.651.708-30,CPF
241,243,Sarah Barbosa,None,Feminino,1997-01-25,045.216.839-24,CPF
242,244,Lavínia Pereira,None,Feminino,1981-10-04,149.305.876-20,CPF
243,245,Lívia Teixeira,None,Feminino,1971-09-30,463.817.520-17,CPF
244,246,Yago Gonçalves,None,Masculino,1945-11-15,805.746.392-92,CPF
245,247,Ian da Cunha,None,Masculino,1995-06-29,795.604.813-39,CPF
246,248,Alexia Azevedo,None,Feminino,1971-07-08,026.483.591-33,CPF
247,249,Ana Vitória Aragão,None,Feminino,1965-03-11,254.837.609-56,CPF
248,250,Henrique Peixoto,None,Masculino,1957-07-12,265.374.018-44,CPF
249,251,Melissa Sales,None,Feminino,1997-11-05,416.739.825-73,CPF
250,252,Sophia Jesus,None,Feminino,1935-10-31,275.043.891-88,CPF
251,253,Ana Laura Caldeira,None,Feminino,1993-07-20,409.728.156-94,CPF
252,254,Pedro Miguel Aragão,None,Masculino,1943-02-12,869.435.027-00,CPF
253,255,Sophie Jesus,None,Feminino,1990-01-07,048.657.312-53,CPF
254,256,Noah Cavalcanti,None,Masculino,1978-05-30,064.517.938-84,CPF
255,257,Matheus Peixoto,None,Masculino,1974-05-11,609.348.125-51,CPF
256,258,Ana Lívia Caldeira,None,Feminino,1957-12-09,821.459.706-49,CPF
257,259,Daniel Freitas,None,Masculino,1960-09-14,921.074.386-50,CPF
258,260,Raquel da Rosa,None,Feminino,1935-07-09,764.098.253-74,CPF
259,261,Isis Monteiro,None,Feminino,2002-01-25,310.879.245-88,CPF
260,262,Pedro Henrique Gonçalves,None,Masculino,1949-02-05,017.834.962-31,CPF
261,263,André Silveira,None,Masculino,1939-02-20,082.174.956-02,CPF
262,264,Luna da Costa,None,Feminino,1935-10-20,152.369.408-42,CPF
263,265,Lívia Silveira,None,Feminino,1992-02-11,506.281.497-94,CPF
264,266,Renan Cunha,None,Masculino,1950-05-24,703.689.512-86,CPF
265,267,Paulo Cunha,None,Masculino,2005-06-07,871.609.425-58,CPF
266,268,Miguel Cardoso,None,Masculino,1991-11-23,320.816.957-40,CPF
267,269,Ryan Teixeira,None,Masculino,1942-09-18,718.930.624-22,CPF
268,270,Davi Silveira,None,Masculino,1939-09-29,615.872.439-46,CPF
269,271,Vicente Farias,None,Masculino,1951-09-14,029.643.178-87,CPF
270,272,Davi Luiz Barros,None,Masculino,1974-07-07,251.479.638-55,CPF
271,273,Pietro Freitas,None,Masculino,1975-08-31,157.984.236-46,CPF
272,274,João Gabriel da Rosa,None,Masculino,1989-05-15,259.870.134-88,CPF
273,275,Danilo Carvalho,None,Masculino,1951-09-28,349.168.507-93,CPF
274,276,Raquel Mendes,None,Feminino,1962-04-08,215.937.468-73,CPF
275,277,Joana Rodrigues,None,Feminino,1943-04-15,275.869.043-83,CPF
276,278,Benjamin Azevedo,None,Masculino,1969-06-21,061.352.849-24,CPF
277,279,Ana Lívia Rocha,None,Feminino,1999-07-10,902.641.538-98,CPF
278,280,Rafael Rodrigues,None,Masculino,2004-05-24,751.263.894-91,CPF
279,281,Alexia Oliveira,None,Feminino,1941-05-05,231.568.947-37,CPF
280,282,Danilo da Mata,None,Masculino,1947-11-17,423.107.895-50,CPF
281,283,Milena Vieira,None,Feminino,1977-09-06,835.207.946-83,CPF
282,284,Anthony Fogaça,None,Masculino,1951-01-14,245.806.971-11,CPF
283,285,Vitor Hugo Cardoso,None,Masculino,1991-10-28,961.730.458-93,CPF
284,286,Brenda da Cruz,None,Feminino,1977-12-08,867.421.539-46,CPF
285,287,Marina da Mata,None,Feminino,1954-08-22,387.156.240-80,CPF
286,288,Leonardo Cardoso,None,Masculino,2003-09-07,802.194.567-20,CPF
287,289,Luiz Otávio Moreira,None,Masculino,2006-07-28,816.079.423-13,CPF
288,290,Laís Jesus,None,Feminino,1986-10-05,567.420.831-07,CPF
289,291,Ana Clara Castro,None,Feminino,1970-12-24,098.673.451-93,CPF
290,292,Eduardo Costa,None,Masculino,1958-05-29,076.854.913-20,CPF
291,293,Stella Pires,None,Feminino,1960-02-04,645.293.178-46,CPF
292,294,Caio Sales,None,Masculino,1953-04-26,340.527.198-32,CPF
293,295,Marina da Paz,None,Feminino,1942-06-15,501.439.862-60,CPF
294,296,João Miguel Mendes,None,Masculino,1937-11-15,693.804.215-24,CPF
295,297,Raquel Silveira,None,Feminino,1959-07-07,851.723.694-73,CPF
296,298,Luiz Miguel Teixeira,None,Masculino,1965-08-26,709.431.268-78,CPF
297,299,Luiz Gustavo Melo,None,Masculino,1999-04-15,810.372.945-05,CPF
298,300,Maria Fernanda Costa,None,Feminino,1953-09-27,760.859.321-03,CPF
299,301,Ana Beatriz Alves,None,Feminino,1999-04-10,465.980.137-39,CPF
300,302,Samuel Cunha,None,Masculino,2003-09-08,751.823.940-04,CPF
301,303,João Felipe Correia,None,Masculino,1938-10-31,514.803.297-97,CPF
302,304,Alexandre Duarte,None,Masculino,1973-09-19,351.064.798-00,CPF
303,305,Ana Luiza Moura,None,Feminino,1994-11-09,975.048.613-75,CPF
304,306,Vicente Ramos,None,Masculino,1984-10-04,241.987.630-03,CPF
305,307,Juan Costela,None,Masculino,2005-01-16,537.241.960-16,CPF
306,308,Luiz Felipe Campos,None,Masculino,1973-08-07,194.830.726-03,CPF
307,309,Vinicius Sales,None,Masculino,1989-10-11,473.869.021-31,CPF
308,310,Vitor Ramos,None,Masculino,1961-02-07,187.365.209-77,CPF
309,311,Maria Sophia Teixeira,None,Feminino,1942-05-01,752.168.094-49,CPF
310,312,Kaique da Mata,None,Masculino,1983-01-14,210.739.865-86,CPF
311,313,Raquel Lopes,None,Feminino,2005-01-15,480.961.325-98,CPF
312,314,Marina Rocha,None,Feminino,1951-10-27,984.153.670-66,CPF
313,315,Bryan da Mata,None,Masculino,2004-09-01,861.432.950-42,CPF
314,316,João Vitor Barros,None,Masculino,1957-09-05,150.623.489-51,CPF
315,317,Lucas Gabriel Alves,None,Masculino,1973-01-04,139.865.407-84,CPF
316,318,Juliana Silva,None,Feminino,1981-10-30,574.610.893-66,CPF
317,319,Ana Vitória Pires,None,Feminino,1993-06-06,157.389.062-68,CPF
318,320,Amanda Caldeira,None,Feminino,1953-02-13,951.204.638-51,CPF
319,321,Ana Sophia Moraes,None,Feminino,2001-05-25,859.276.014-30,CPF
320,322,Ana Sophia Alves,None,Feminino,1996-12-02,654.829.170-02,CPF
321,323,Maria Eduarda Oliveira,None,Feminino,2001-11-10,280.679.453-65,CPF
322,324,Alice Dias,None,Feminino,1942-07-03,739.015.246-06,CPF
323,325,Beatriz Costela,None,Feminino,1948-06-01,173.960.482-22,CPF
324,326,Rafaela Lima,None,Feminino,1943-03-28,918.240.563-89,CPF
325,327,Gustavo Henrique da Cunha,None,Masculino,1940-01-06,418.260.379-69,CPF
326,328,Luiz Otávio Correia,None,Masculino,1998-01-15,130.247.659-99,CPF
327,329,Breno Rezende,None,Masculino,1998-08-12,123.647.809-69,CPF
328,330,Joaquim Lopes,None,Masculino,1942-08-02,856.317.049-00,CPF
329,331,Pedro Henrique Porto,None,Masculino,1969-07-17,570.496.231-99,CPF
330,332,Kevin Peixoto,None,Masculino,1949-02-06,520.874.196-20,CPF
331,333,Helena Porto,None,Feminino,1975-10-06,102.348.765-90,CPF
332,334,Nicolas Cavalcanti,None,Masculino,1971-11-11,863.740.921-04,CPF
333,335,Maria Vitória Nascimento,None,Feminino,1953-04-17,980.756.321-68,CPF
334,336,Camila Barbosa,None,Feminino,1948-08-23,045.826.137-80,CPF
335,337,Augusto Nogueira,None,Masculino,1978-11-06,617.492.803-96,CPF
336,338,Lorenzo Lopes,None,Masculino,1991-10-09,582.976.043-65,CPF
337,339,Isabelly Melo,None,Feminino,1942-11-16,279.365.840-56,CPF
338,340,Marcelo Moraes,None,Masculino,1951-01-15,548.197.032-50,CPF
339,341,Stephany Aragão,None,Feminino,1989-01-11,084.631.572-62,CPF
340,342,Calebe Alves,None,Masculino,1996-03-30,638.109.427-31,CPF
341,343,Thiago Azevedo,None,Masculino,1939-11-14,356.128.079-02,CPF
342,344,Lucca da Mata,None,Masculino,1998-08-30,360.795.142-06,CPF
343,345,Nicolas Monteiro,None,Masculino,1990-04-25,875.340.169-75,CPF
344,346,Juliana da Rosa,None,Feminino,1988-07-14,170.348.592-05,CPF
345,347,Daniel Barros,None,Masculino,1950-04-01,826.140.573-71,CPF
346,348,Pietra Lima,None,Feminino,1982-10-11,894.572.163-00,CPF
347,349,Maria Julia Pinto,None,Feminino,1944-04-22,296.310.758-77,CPF
348,350,Kevin Dias,None,Masculino,1951-01-18,623.817.409-96,CPF
349,351,Alice Melo,None,Feminino,1958-09-26,762.401.583-80,CPF
350,352,Bárbara Oliveira,None,Feminino,1941-08-23,481.679.235-09,CPF
351,353,Bryan Alves,None,Masculino,1956-09-30,469.502.173-07,CPF
352,354,Cauê Carvalho,None,Masculino,1965-11-15,321.976.504-16,CPF
353,355,Matheus Silva,None,Masculino,1967-12-22,607.821.934-04,CPF
354,356,Bruna Silveira,None,Feminino,1999-11-28,068.317.452-53,CPF
355,357,Cecília Cardoso,None,Feminino,1994-12-02,781.463.590-00,CPF
356,358,Eduarda Pinto,None,Feminino,1986-04-19,107.538.946-10,CPF
357,359,Luigi Fernandes,None,Masculino,2002-05-10,780.596.321-59,CPF
358,360,Ana Júlia Viana,None,Feminino,1944-05-22,409.736.512-61,CPF
359,361,João Pedro Duarte,None,Masculino,1967-07-19,568.270.134-80,CPF
360,362,Antônio Viana,None,Masculino,1971-12-04,762.805.193-68,CPF
361,363,Maria Eduarda Carvalho,None,Feminino,1983-06-13,268.173.459-28,CPF
362,364,Agatha Jesus,None,Feminino,1988-05-11,169.857.432-00,CPF
363,365,Henrique Barros,None,Masculino,1982-09-06,465.073.829-65,CPF
364,366,Renan Freitas,None,Masculino,1949-03-23,165.792.308-86,CPF
365,367,Eduarda Rocha,None,Feminino,1935-01-27,298.530.716-30,CPF
366,368,André Farias,None,Masculino,1951-01-26,614.923.875-09,CPF
367,369,Lucca Azevedo,None,Masculino,1990-11-17,485.690.217-20,CPF
368,370,Isabelly Monteiro,None,Feminino,1989-11-14,349.725.108-97,CPF
369,371,Ana Clara Correia,None,Feminino,1956-11-22,149.586.327-19,CPF
370,372,Ana Cardoso,None,Feminino,1971-03-03,538.709.421-50,CPF
371,373,Milena Freitas,None,Feminino,1947-07-28,489.560.217-67,CPF
372,374,Augusto Barbosa,None,Masculino,2006-01-26,435.170.628-71,CPF
373,375,João Felipe Freitas,None,Masculino,1956-02-25,216.485.037-80,CPF
374,376,Ana Julia Novaes,None,Feminino,1949-06-14,275.619.304-61,CPF
375,377,Renan Sales,None,Masculino,2000-02-14,478.362.950-10,CPF
376,378,Joana Cunha,None,Feminino,1966-03-11,560.978.412-30,CPF
377,379,Lara Martins,None,Feminino,1960-07-14,592.347.610-06,CPF
378,380,Erick Ferreira,None,Masculino,1942-10-05,948.150.762-94,CPF
379,381,Emanuella Cunha,None,Feminino,1974-08-02,623.017.498-78,CPF
380,382,Thiago Rezende,None,Masculino,1940-11-19,745.360.821-07,CPF
381,383,Pedro Miguel Pires,None,Masculino,2003-07-21,952.837.460-38,CPF
382,384,Emanuelly Barros,None,Feminino,1961-12-30,653.092.478-74,CPF
383,385,Vicente Novaes,None,Masculino,2005-06-17,598.602.341-24,CPF
384,386,Carlos Eduardo da Cunha,None,Masculino,1978-04-13,786.254.109-01,CPF
385,387,Isabelly das Neves,None,Feminino,1978-02-02,196.580.247-85,CPF
386,388,Daniel Silveira,None,Masculino,1959-12-31,072.984.563-00,CPF
387,389,Pedro Miguel da Costa,None,Masculino,1949-07-14,806.734.152-44,CPF
388,390,Yago Rodrigues,None,Masculino,1957-09-10,428.107.536-44,CPF
389,391,Pedro Lucas Santos,None,Masculino,1948-01-31,091.452.867-01,CPF
390,392,Lorena Lopes,None,Feminino,1936-02-13,903.142.685-70,CPF
391,393,Raul Jesus,None,Masculino,1941-05-31,549.307.816-39,CPF
392,394,Murilo Castro,None,Masculino,1939-01-30,653.178.294-37,CPF
393,395,Leonardo Ribeiro,None,Masculino,1938-07-14,904.681.237-50,CPF
394,396,Maria Fernanda Jesus,None,Feminino,1971-03-25,675.184.029-20,CPF
395,397,Daniel Araújo,None,Masculino,1958-06-24,674.809.215-94,CPF
396,398,Thomas Barros,None,Masculino,1944-05-03,039.468.725-65,CPF
397,399,Lucas Aragão,None,Masculino,2000-03-03,469.150.387-01,CPF
398,400,Bárbara Gonçalves,None,Feminino,1947-11-15,019.476.853-84,CPF
399,401,Otávio Viana,None,Masculino,1992-07-07,412.630.578-53,CPF
400,402,Mirella Mendes,None,Feminino,1952-08-23,573.802.146-08,CPF
401,403,Anthony Novaes,None,Masculino,1951-02-13,496.813.702-87,CPF
402,404,Gabriela Moreira,None,Feminino,1964-06-01,539.108.764-39,CPF
403,405,Noah Teixeira,None,Masculino,1943-12-28,465.920.738-29,CPF
404,406,Pedro Lucas Sales,None,Masculino,2005-04-24,148.950.237-88,CPF
405,407,Clarice Duarte,None,Feminino,1981-11-27,438.612.759-37,CPF
406,408,Pietro Alves,None,Masculino,1985-09-20,068.913.542-42,CPF
407,409,Vinicius Fogaça,None,Masculino,1956-04-09,678.451.920-58,CPF
408,410,Rebeca Lima,None,Feminino,1938-11-22,915.082.734-05,CPF
409,411,João Vitor Dias,None,Masculino,1968-05-26,507.819.642-02,CPF
410,412,Anthony Moura,None,Masculino,1957-04-18,518.937.426-28,CPF
411,413,Lucas Gabriel da Cruz,None,Masculino,1989-12-14,314.975.682-00,CPF
412,414,Kamilly da Rocha,None,Feminino,1951-08-13,547.823.061-80,CPF
413,415,Sabrina Martins,None,Feminino,1977-02-21,342.709.185-60,CPF
414,416,Renan Fernandes,None,Masculino,1942-07-05,510.736.294-06,CPF
415,417,Alice Moraes,None,Feminino,2004-08-01,096.824.371-13,CPF
416,418,Augusto Moreira,None,Masculino,1967-12-13,462.807.591-30,CPF
417,419,Maysa Porto,None,Feminino,1973-11-27,539.271.860-40,CPF
418,420,Bianca Costela,None,Feminino,1989-01-08,209.541.738-05,CPF
419,421,Melissa Jesus,None,Feminino,1956-02-04,865.430.291-70,CPF
420,422,Luna Viana,None,Feminino,1952-04-13,308.641.257-71,CPF
421,423,Alexia da Cunha,None,Feminino,2005-10-14,092.186.437-03,CPF
422,424,Paulo Castro,None,Masculino,1956-05-06,059.283.641-05,CPF
423,425,Luiz Felipe Rodrigues,None,Masculino,1976-12-28,821.370.496-78,CPF
424,426,Henrique Carvalho,None,Masculino,1986-04-11,034.128.957-41,CPF
425,427,Emanuella das Neves,None,Feminino,1946-06-08,286.104.953-70,CPF
426,428,Ana Júlia Gonçalves,None,Feminino,1976-10-30,305.148.927-14,CPF
427,429,Raquel Martins,None,Feminino,1989-09-30,608.213.594-60,CPF
428,430,Nathan Sales,None,Masculino,2006-09-26,362.198.057-12,CPF
429,431,Benjamin Martins,None,Masculino,2003-10-07,127.065.489-67,CPF
430,432,Gustavo Caldeira,None,Masculino,1965-02-02,964.837.215-28,CPF
431,433,Lavínia Rodrigues,None,Feminino,1962-08-16,397.208.451-04,CPF
432,434,Esther Pereira,None,Feminino,1981-12-09,906.731.284-31,CPF
433,435,Alexia Araújo,None,Feminino,2000-12-12,248.390.716-40,CPF
434,436,João Guilherme das Neves,None,Masculino,2003-09-19,602.497.183-40,CPF
435,437,Letícia Araújo,None,Feminino,1993-11-05,493.761.285-91,CPF
436,438,Evelyn Freitas,None,Feminino,1958-11-21,648.391.207-22,CPF
437,439,Thales da Luz,None,Masculino,1969-10-12,945.231.608-05,CPF
438,440,Anthony Viana,None,Masculino,1966-07-20,729.186.034-22,CPF
439,441,Bruna Barbosa,None,Feminino,2006-09-29,621.748.039-50,CPF
440,442,Rafael da Paz,None,Masculino,2001-03-31,759.340.281-97,CPF
441,443,Emanuella Correia,None,Feminino,1970-10-09,321.958.670-86,CPF
442,444,Maria Clara da Cunha,None,Feminino,1963-04-10,603.924.175-61,CPF
443,445,Pedro Miguel Viana,None,Masculino,2004-07-23,650.378.219-59,CPF
444,446,Camila Viana,None,Feminino,1938-01-15,481.053.279-88,CPF
445,447,Calebe Santos,None,Masculino,1961-09-28,452.936.081-42,CPF
446,448,Lucas Gabriel da Mota,None,Masculino,1990-12-01,327.058.194-79,CPF
447,449,Vitória Caldeira,None,Feminino,1987-04-01,217.984.053-50,CPF
448,450,Maysa Santos,None,Feminino,1987-09-10,629.504.813-70,CPF
449,451,João Gabriel Campos,None,Masculino,1962-10-26,453.218.706-08,CPF
450,452,Isadora Castro,None,Feminino,1972-05-16,205.764.931-80,CPF
451,453,Isabel da Cunha,None,Feminino,1980-11-04,053.976.482-56,CPF
452,454,Marcelo da Costa,None,Masculino,1942-03-05,710.962.485-49,CPF
453,455,Luna da Rocha,None,Feminino,1999-03-02,917.532.604-34,CPF
454,456,André Gomes,None,Masculino,1989-08-09,675.841.902-94,CPF
455,457,Davi da Mata,None,Masculino,1980-12-30,728.310.654-53,CPF
456,458,Luna Fogaça,None,Feminino,1951-08-29,372.108.549-32,CPF
457,459,Bruno Cunha,None,Masculino,1937-09-21,901.526.743-06,CPF
458,460,Thales Lopes,None,Masculino,1944-05-23,231.865.097-77,CPF
459,461,Marcos Vinicius Ramos,None,Masculino,1976-11-04,047.983.165-39,CPF
460,462,Luiz Otávio Barros,None,Masculino,1974-12-11,047.539.128-41,CPF
461,463,Eloah Costa,None,Feminino,2004-08-30,307.168.295-68,CPF
462,464,Antônio Lopes,None,Masculino,1935-01-22,918.427.560-01,CPF
463,465,Maria Sophia da Luz,None,Feminino,1983-12-16,198.453.076-39,CPF
464,466,Marcelo Pereira,None,Masculino,1990-08-22,926.435.180-98,CPF
465,467,Ana Beatriz Dias,None,Feminino,1970-01-30,967.352.481-55,CPF
466,468,Lucas Viana,None,Masculino,1947-02-19,612.598.704-30,CPF
467,469,Sarah Jesus,None,Feminino,1947-08-28,357.608.429-00,CPF
468,470,Vitor Hugo da Costa,None,Masculino,2002-03-09,368.015.479-84,CPF
469,471,Ryan Moreira,None,Masculino,1980-07-19,390.187.546-84,CPF
470,472,Luna Santos,None,Feminino,1968-12-18,149.683.257-46,CPF
471,473,Luiz Gustavo Almeida,None,Masculino,1959-11-05,217.546.308-71,CPF
472,474,Maria Melo,None,Feminino,1964-04-15,530.241.769-34,CPF
473,475,Benício Lopes,None,Masculino,1961-12-07,460.317.285-08,CPF
474,476,Olivia Costa,None,Feminino,2006-05-07,651.072.384-08,CPF
475,477,Lucas Porto,None,Masculino,1970-10-01,523.849.160-33,CPF
476,478,João Guilherme Rezende,None,Masculino,1979-05-30,572.834.091-14,CPF
477,479,Breno Novaes,None,Masculino,1938-01-16,589.714.063-48,CPF
478,480,Vitor Gabriel Porto,None,Masculino,1936-02-12,680.129.437-78,CPF
479,481,Marina da Rocha,None,Feminino,1995-11-21,817.692.435-00,CPF
480,482,Pietro da Costa,None,Masculino,1942-03-07,691.734.205-06,CPF
481,483,João Pedro Ribeiro,None,Masculino,1935-04-04,430.827.691-87,CPF
482,484,Joaquim Duarte,None,Masculino,1945-07-20,061.378.254-26,CPF
483,485,Thales Ramos,None,Masculino,1966-08-07,508.491.376-75,CPF
484,486,Renan Silveira,None,Masculino,1939-02-19,692.148.073-96,CPF
485,487,Juan Cavalcanti,None,Masculino,1951-08-11,245.809.736-74,CPF
486,488,Stella Sales,None,Feminino,1974-06-04,108.296.473-50,CPF
487,489,Agatha Peixoto,None,Feminino,1948-09-21,340.621.897-04,CPF
488,490,João Carvalho,None,Masculino,1971-06-22,237.408.659-38,CPF
489,491,Vitor Hugo Aragão,None,Masculino,2003-01-26,417.968.253-28,CPF
490,492,Nicole Barros,None,Feminino,2000-08-27,170.823.964-22,CPF
491,493,Maria Clara Cardoso,None,Feminino,1940-01-18,096.124.587-58,CPF
492,494,Lucca Ribeiro,None,Masculino,1945-10-15,152.937.840-05,CPF
493,495,Diogo Aragão,None,Masculino,2000-02-23,751.268.034-17,CPF
494,496,Lavínia Moura,None,Feminino,1964-12-16,345.692.701-07,CPF
495,497,Maria Cecília Campos,None,Feminino,1956-10-18,136.097.524-16,CPF
496,498,Vicente Santos,None,Masculino,1991-02-07,287.659.103-03,CPF
497,499,Thiago Aragão,None,Masculino,1998-08-03,170.382.654-07,CPF
498,500,Leonardo Almeida,None,Masculino,1941-09-21,810.547.326-71,CPF
499,501,Murilo da Conceição,None,Masculino,2005-06-01,356.287.091-40,CPF
500,502,Marcos Vinicius da Cunha,None,Masculino,2000-04-12,869.240.153-60,CPF
501,503,João Vitor Farias,None,Masculino,1942-01-07,079.618.325-21,CPF
502,504,Bruna Costa,None,Feminino,1962-06-13,741.853.906-10,CPF
503,505,Francisco Jesus,None,Masculino,1952-04-27,168.740.395-39,CPF
504,506,Lívia Fogaça,None,Feminino,1988-06-28,753.421.896-91,CPF
505,507,Caroline da Cunha,None,Feminino,1968-07-14,196.450.837-10,CPF
506,508,Marcelo Nunes,None,Masculino,1950-10-04,730.254.689-47,CPF
507,509,Catarina Dias,None,Feminino,2005-03-12,564.120.983-05,CPF
508,510,Pedro Henrique Silveira,None,Masculino,1998-04-25,890.467.213-96,CPF
509,511,Davi Melo,None,Masculino,1956-12-09,152.679.304-07,CPF
510,512,Leandro da Rocha,None,Masculino,1979-01-11,483.127.095-41,CPF
511,513,Eduarda da Paz,None,Feminino,1995-06-17,748.360.152-35,CPF
512,514,Bernardo Rodrigues,None,Masculino,1973-08-31,957.210.468-30,CPF
513,515,Eloah Santos,None,Feminino,1991-02-05,068.237.915-86,CPF
514,516,Marcela Fogaça,None,Feminino,1941-10-30,861.072.495-67,CPF
515,517,Helena Peixoto,None,Feminino,1971-12-18,936.571.842-28,CPF
516,518,Maria Fernanda Porto,None,Feminino,1972-05-29,150.462.387-80,CPF
517,519,Eduardo Rocha,None,Masculino,1997-04-21,648.021.539-70,CPF
518,520,Noah Farias,None,Masculino,1992-10-12,542.107.368-80,CPF
519,521,Bianca Barbosa,None,Feminino,1970-06-08,970.384.562-29,CPF
520,522,Catarina Nascimento,None,Feminino,1993-06-02,975.386.214-82,CPF
521,523,Maria Clara Costa,None,Feminino,1998-05-30,506.417.938-39,CPF
522,524,Cauê Campos,None,Masculino,1939-08-20,794.560.183-93,CPF
523,525,João Felipe Rezende,None,Masculino,2004-03-27,782.195.604-01,CPF
524,526,Sabrina Lopes,None,Feminino,1991-09-28,239.816.574-46,CPF
525,527,Diogo Alves,None,Masculino,1986-11-06,402.713.568-71,CPF
526,528,Davi Lucca Cunha,None,Masculino,1968-04-26,432.571.609-25,CPF
527,529,Marcos Vinicius Lopes,None,Masculino,1948-12-01,720.564.931-52,CPF
528,530,Diego Rodrigues,None,Masculino,1950-10-27,215.968.473-28,CPF
529,531,Mariana Santos,None,Feminino,1952-06-02,962.047.315-99,CPF
530,532,Marcela Fernandes,None,Feminino,1970-06-24,695.401.782-58,CPF
531,533,Luiz Felipe Alves,None,Masculino,1938-05-16,418.579.362-64,CPF
532,534,Maria Vitória da Luz,None,Feminino,1996-09-17,072.598.163-68,CPF
533,535,João Felipe Martins,None,Masculino,1997-12-05,187.932.054-14,CPF
534,536,Ana Souza,None,Feminino,1963-06-12,684.925.370-00,CPF
535,537,Lavínia Fernandes,None,Feminino,1989-10-19,804.965.137-10,CPF
536,538,João Gabriel Pinto,None,Masculino,1934-04-25,965.240.317-25,CPF
537,539,Felipe da Mota,None,Masculino,1953-10-22,902.563.174-61,CPF
538,540,Juliana Azevedo,None,Feminino,1992-05-31,283.071.954-97,CPF
539,541,Bianca da Paz,None,Feminino,1969-06-27,071.463.958-39,CPF
540,542,Daniela Silveira,None,Feminino,1995-08-03,145.863.907-00,CPF
541,543,Isabel Pires,None,Feminino,1964-05-29,061.439.572-07,CPF
542,544,Marcelo Lopes,None,Masculino,1961-03-11,325.719.086-77,CPF
543,545,Carolina Lopes,None,Feminino,1963-03-20,504.739.261-99,CPF
544,546,Bryan Rocha,None,Masculino,1981-07-28,267.401.983-22,CPF
545,547,Enrico Silveira,None,Masculino,1947-03-03,743.601.582-62,CPF
546,548,Sophia Silva,None,Feminino,1963-07-23,856.749.023-56,CPF
547,549,Lívia Freitas,None,Feminino,1939-03-11,783.950.426-47,CPF
548,550,Yago da Mota,None,Masculino,1977-07-18,168.705.439-84,CPF
549,551,Ana Beatriz da Conceição,None,Feminino,1986-06-27,801.965.234-51,CPF
550,552,Davi da Rocha,None,Masculino,1951-06-30,834.615.027-07,CPF
551,553,Emilly das Neves,None,Feminino,1966-08-28,051.748.263-08,CPF
552,554,Alícia Rocha,None,Feminino,1967-05-29,186.027.934-13,CPF
553,555,Anthony da Mota,None,Masculino,1974-12-12,032.546.879-65,CPF
554,556,Cecília Santos,None,Feminino,2001-08-20,214.397.850-23,CPF
555,557,Ana Carolina Cardoso,None,Feminino,2004-04-07,034.958.261-06,CPF
556,558,Pedro Lucas da Cruz,None,Masculino,1956-02-15,697.803.521-12,CPF
557,559,Ana Beatriz Peixoto,None,Feminino,1942-04-30,128.593.706-68,CPF
558,560,Heloísa Freitas,None,Feminino,1980-04-08,245.367.108-17,CPF
559,561,Ana Beatriz Gomes,None,Feminino,1997-12-20,314.862.597-82,CPF
560,562,Sophie Dias,None,Feminino,1974-04-27,653.724.198-73,CPF
561,563,Bianca Teixeira,None,Feminino,1979-12-24,693.108.527-12,CPF
562,564,Matheus Moura,None,Masculino,1956-02-04,328.701.459-50,CPF
563,565,Luiz Henrique Almeida,None,Masculino,1956-12-01,945.210.867-30,CPF
564,566,Júlia da Rocha,None,Feminino,1952-07-01,653.902.481-98,CPF
565,567,Fernanda Alves,None,Feminino,1971-05-02,809.652.173-02,CPF
566,568,Cauê Teixeira,None,Masculino,1986-10-11,398.521.740-88,CPF
567,569,Enrico Pereira,None,Masculino,2003-10-30,064.759.281-94,CPF
568,570,Heloísa Novaes,None,Feminino,1989-04-23,423.567.018-26,CPF
569,571,Joaquim da Paz,None,Masculino,1964-07-24,461.023.958-24,CPF
570,572,Lucca Santos,None,Masculino,1993-12-31,301.857.469-93,CPF
571,573,Elisa Correia,None,Feminino,1947-03-15,798.456.321-73,CPF
572,574,Agatha Ribeiro,None,Feminino,1976-10-16,459.370.128-79,CPF
573,575,Luiz Gustavo Santos,None,Masculino,1975-01-16,914.650.872-49,CPF
574,576,Maria Eduarda da Luz,None,Feminino,1943-03-25,601.432.857-26,CPF
575,577,Maria Luiza Porto,None,Feminino,1995-07-31,547.280.193-14,CPF
576,578,Bárbara Rocha,None,Feminino,1987-11-03,154.967.832-91,CPF
577,579,Caroline das Neves,None,Feminino,1960-10-02,306.712.985-77,CPF
578,580,Ana Luiza Gomes,None,Feminino,1959-10-12,172.065.349-61,CPF
579,581,Alexandre Gonçalves,None,Masculino,1954-10-06,410.578.923-60,CPF
580,582,Raquel Cavalcanti,None,Feminino,1953-12-24,751.429.806-11,CPF
581,583,Bárbara da Costa,None,Feminino,1936-08-12,694.058.172-30,CPF
582,584,Calebe das Neves,None,Masculino,1969-03-04,816.952.073-86,CPF
583,585,Davi Lucas Moreira,None,Masculino,1971-10-28,275.960.814-01,CPF
584,586,Levi Melo,None,Masculino,2000-01-30,146.572.983-64,CPF
585,587,Daniela Araújo,None,Feminino,1984-12-05,260.418.935-60,CPF
586,588,Vitor Hugo Fernandes,None,Masculino,2000-07-21,279.436.501-07,CPF
587,589,Clarice Mendes,None,Feminino,1960-10-12,698.532.417-73,CPF
588,590,Kevin Costela,None,Masculino,1946-01-27,462.578.930-38,CPF
589,591,Emanuelly da Mata,None,Feminino,1989-09-26,216.085.349-60,CPF
590,592,Luiza Pires,None,Feminino,2003-03-16,012.963.458-15,CPF
591,593,Luiz Gustavo Araújo,None,Masculino,1937-09-08,761.408.329-69,CPF
592,594,Samuel Silva,None,Masculino,1971-04-28,305.978.124-97,CPF
593,595,Maria Alice Campos,None,Feminino,1964-05-15,859.602.731-95,CPF
594,596,Ana Julia da Mota,None,Feminino,1993-05-19,904.758.326-47,CPF
595,597,Luiz Otávio da Mata,None,Masculino,1993-01-29,760.198.342-04,CPF
596,598,Gabriel Moreira,None,Masculino,1952-12-31,752.649.380-83,CPF
597,599,Lavínia Dias,None,Feminino,1953-04-04,619.784.305-66,CPF
598,600,Ana Luiza Ribeiro,None,Feminino,1977-01-27,219.405.783-88,CPF
599,601,Lívia Costela,None,Feminino,2004-10-07,435.807.962-83,CPF
600,602,Laura Dias,None,Feminino,1985-08-11,182.950.473-88,CPF
601,603,Guilherme Vieira,None,Masculino,1965-08-11,584.291.306-24,CPF
602,604,Elisa da Luz,None,Feminino,1984-09-17,735.068.924-10,CPF
603,605,Lara Aragão,None,Feminino,1972-01-12,175.329.486-09,CPF
604,606,Joana Caldeira,None,Feminino,1994-03-19,527.863.014-08,CPF
605,607,Vitor Hugo Novaes,None,Masculino,1945-01-04,140.359.286-15,CPF
606,608,Isabelly Santos,None,Feminino,1948-01-05,285.647.039-47,CPF
607,609,Samuel da Cunha,None,Masculino,1943-04-11,025.369.178-86,CPF
608,610,Thiago Ferreira,None,Masculino,1954-11-14,127.096.538-77,CPF
609,611,Lívia Correia,None,Feminino,1970-07-09,195.482.307-04,CPF
610,612,Guilherme Martins,None,Masculino,1954-05-29,492.736.850-56,CPF
611,613,João Pedro Alves,None,Masculino,1947-10-02,691.052.837-95,CPF
612,614,Daniel Cavalcanti,None,Masculino,1964-01-24,250.391.684-89,CPF
613,615,João Pedro Dias,None,Masculino,1997-02-04,809.462.731-03,CPF
614,616,Laís Rezende,None,Feminino,1954-01-01,437.628.951-55,CPF
615,617,Letícia Barros,None,Feminino,1954-03-17,817.604.593-48,CPF
616,618,Lavínia Fernandes,None,Feminino,1975-11-24,173.984.506-48,CPF
617,619,João Aragão,None,Masculino,1976-02-29,142.930.687-40,CPF
618,620,Stella Costela,None,Feminino,2003-02-09,724.168.950-01,CPF
619,621,Beatriz Teixeira,None,Feminino,1999-09-21,016.594.832-98,CPF
620,622,Maria Fernanda Rezende,None,Feminino,1995-07-03,062.834.195-42,CPF
621,623,Marcela Aragão,None,Feminino,1986-12-14,812.579.436-00,CPF
622,624,Marcelo Jesus,None,Masculino,2001-05-06,947.325.610-80,CPF
623,625,Isabelly da Rosa,None,Feminino,2005-01-11,472.059.318-60,CPF
624,626,Breno Melo,None,Masculino,1967-11-07,217.385.609-02,CPF
625,627,Ana Luiza Lopes,None,Feminino,1947-11-06,672.934.805-47,CPF
626,628,Rafaela Silveira,None,Feminino,1947-05-22,075.428.963-00,CPF
627,629,Catarina Aragão,None,Feminino,1981-11-19,682.570.149-58,CPF
628,630,Maitê Cavalcanti,None,Feminino,1972-02-22,275.614.890-30,CPF
629,631,Lucca Caldeira,None,Masculino,1951-10-08,538.921.607-59,CPF
630,632,Antônio Castro,None,Masculino,1999-09-25,790.325.168-68,CPF
631,633,Luna Costela,None,Feminino,1964-09-04,836.912.574-37,CPF
632,634,Nina Jesus,None,Feminino,1942-10-14,791.038.652-40,CPF
633,635,Sofia Cardoso,None,Feminino,1934-04-27,723.145.609-06,CPF
634,636,Thiago Barros,None,Masculino,1993-01-07,356.812.740-71,CPF
635,637,Diego da Costa,None,Masculino,1950-04-29,285.091.367-77,CPF
636,638,Gustavo Duarte,None,Masculino,1982-02-05,604.197.528-11,CPF
637,639,Stella da Conceição,None,Feminino,2005-01-15,423.961.058-33,CPF
638,640,Luiz Felipe Cardoso,None,Masculino,1987-06-13,642.391.058-89,CPF
639,641,Giovanna Melo,None,Feminino,1967-08-07,791.243.056-34,CPF
640,642,Júlia Viana,None,Feminino,2000-11-24,483.926.071-04,CPF
641,643,Maria Eduarda Ribeiro,None,Feminino,1993-06-22,201.394.867-04,CPF
642,644,Letícia Melo,None,Feminino,1980-03-24,469.258.173-55,CPF
643,645,Fernando Ramos,None,Masculino,1942-03-10,715.840.236-35,CPF
644,646,Theo Gonçalves,None,Masculino,1944-07-10,438.970.265-38,CPF
645,647,Agatha Farias,None,Feminino,1981-07-28,708.512.346-07,CPF
646,648,Eduarda Moreira,None,Feminino,1978-02-28,302.146.895-06,CPF
647,649,Thiago da Conceição,None,Masculino,1956-08-23,082.967.435-74,CPF
648,650,Yago Campos,None,Masculino,1979-11-19,937.012.456-06,CPF
649,651,Maria Fernanda Campos,None,Feminino,1966-11-07,064.758.923-00,CPF
650,652,Marina Caldeira,None,Feminino,1962-06-21,169.457.280-30,CPF
651,653,Fernando Freitas,None,Masculino,1980-11-10,369.802.574-47,CPF
652,654,Camila Caldeira,None,Feminino,2001-03-09,813.754.096-20,CPF
653,655,João Vitor da Rocha,None,Masculino,1959-06-12,342.798.015-41,CPF
654,656,Anthony Barbosa,None,Masculino,1948-12-23,812.304.976-50,CPF
655,657,João Silva,None,Masculino,1935-03-11,026.594.387-65,CPF
656,658,Vitória da Mota,None,Feminino,1944-01-01,960.451.238-24,CPF
657,659,Laura Aragão,None,Feminino,1956-03-08,901.842.563-05,CPF
658,660,Isabel Pires,None,Feminino,1970-07-29,614.579.820-30,CPF
659,661,Juliana Almeida,None,Feminino,1959-06-23,371.465.908-01,CPF
660,662,Thiago Cunha,None,Masculino,1942-08-25,293.076.185-77,CPF
661,663,Alice Vieira,None,Feminino,1978-07-07,839.247.051-60,CPF
662,664,Maria Cecília Aragão,None,Feminino,1958-08-26,069.735.814-39,CPF
663,665,Breno Ribeiro,None,Masculino,1994-02-06,403.521.796-43,CPF
664,666,Luana Duarte,None,Feminino,1941-12-21,461.279.385-46,CPF
665,667,Isadora Oliveira,None,Feminino,1989-02-04,347.985.162-28,CPF
666,668,Henrique Novaes,None,Masculino,1997-03-09,174.698.230-69,CPF
667,669,Mariane Fernandes,None,Feminino,1969-08-07,980.516.237-03,CPF
668,670,Valentina Silva,None,Feminino,1971-03-20,387.094.215-05,CPF
669,671,Ian Peixoto,None,Masculino,2001-02-02,814.906.237-87,CPF
670,672,Lorena da Conceição,None,Feminino,1981-04-17,036.219.785-77,CPF
671,673,Catarina Aragão,None,Feminino,1947-06-27,901.367.245-07,CPF
672,674,Olivia Jesus,None,Feminino,2003-03-10,893.017.465-57,CPF
673,675,Julia Alves,None,Feminino,1941-02-16,783.540.619-57,CPF
674,676,Alexia Moura,None,Feminino,1990-11-02,097.562.148-30,CPF
675,677,Raul Cardoso,None,Masculino,2000-12-24,027.193.548-05,CPF
676,678,Maitê Aragão,None,Feminino,1959-06-21,041.623.597-25,CPF
677,679,Olivia da Mata,None,Feminino,1983-07-29,159.284.063-98,CPF
678,680,Guilherme da Paz,None,Masculino,1967-07-26,013.962.758-86,CPF
679,681,Isabella Cavalcanti,None,Feminino,1950-06-10,691.283.054-42,CPF
680,682,Alice Araújo,None,Feminino,1975-10-18,520.768.341-17,CPF
681,683,Lorena Rezende,None,Feminino,1994-09-12,328.165.074-08,CPF
682,684,Pedro da Cunha,None,Masculino,1949-10-19,621.405.973-70,CPF
683,685,Davi Lucca Ramos,None,Masculino,1935-04-14,927.063.518-02,CPF
684,686,Isabelly Campos,None,Feminino,1950-12-13,203.875.419-50,CPF
685,687,Diego Pereira,None,Masculino,1995-01-16,835.462.017-44,CPF
686,688,Otávio Moura,None,Masculino,1939-02-14,472.658.910-58,CPF
687,689,João Guilherme Almeida,None,Masculino,1980-06-06,930.826.145-15,CPF
688,690,Henrique da Cruz,None,Masculino,1938-10-10,541.267.309-07,CPF
689,691,Laura Santos,None,Feminino,1934-02-10,073.941.625-16,CPF
690,692,Kaique Moura,None,Masculino,1935-08-24,210.976.438-40,CPF
691,693,Isabel Martins,None,Feminino,1994-06-27,621.789.435-19,CPF
692,694,Thiago Silva,None,Masculino,1974-08-10,274.065.139-25,CPF
693,695,Sophie Rocha,None,Feminino,1996-09-12,261.405.873-44,CPF
694,696,Ana Carolina Gonçalves,None,Feminino,1968-04-10,107.285.493-79,CPF
695,697,Maria Fernanda Azevedo,None,Feminino,1942-07-19,786.320.495-00,CPF
696,698,Vitor Gabriel Duarte,None,Masculino,1996-05-21,158.094.637-20,CPF
697,699,Luiz Otávio Teixeira,None,Masculino,1937-12-27,413.756.829-46,CPF
698,700,Isaac Monteiro,None,Masculino,1979-03-19,781.936.524-28,CPF
699,701,Renan Moraes,None,Masculino,1943-02-19,658.439.721-19,CPF
700,702,Sophia Costa,None,Feminino,2003-05-12,857.912.046-20,CPF
701,703,Alícia Barbosa,None,Feminino,1995-05-23,261.803.475-90,CPF
702,704,Luigi Moura,None,Masculino,1963-08-29,287.159.640-94,CPF
703,705,Ana Laura Caldeira,None,Feminino,1977-08-29,719.850.362-40,CPF
704,706,Alexandre Sales,None,Masculino,1948-06-19,613.570.482-62,CPF
705,707,Beatriz Pinto,None,Feminino,1948-12-26,497.325.160-70,CPF
706,708,Maria Eduarda da Luz,None,Feminino,1968-10-16,098.634.175-48,CPF
707,709,Bruna da Cunha,None,Feminino,1987-07-15,968.243.517-09,CPF
708,710,Pedro Lucas Moreira,None,Masculino,1985-10-07,219.748.635-73,CPF
709,711,Eduarda Gonçalves,None,Feminino,1969-10-24,794.018.526-85,CPF
710,712,Bárbara Nunes,None,Feminino,1939-07-26,013.597.248-50,CPF
711,713,Enrico Dias,None,Masculino,1945-07-20,219.783.564-55,CPF
712,714,Lucca Barbosa,None,Masculino,1973-04-09,124.307.685-26,CPF
713,715,Pedro Lucas da Costa,None,Masculino,1952-12-02,493.120.687-50,CPF
714,716,Ian Ferreira,None,Masculino,1979-03-16,068.154.392-24,CPF
715,717,Luiz Otávio Pereira,None,Masculino,1951-06-11,428.315.097-50,CPF
716,718,Ana Clara da Costa,None,Feminino,2003-03-16,930.462.715-06,CPF
717,719,Nina da Cruz,None,Feminino,2005-12-15,635.241.807-44,CPF
718,720,Stella Farias,None,Feminino,1951-12-07,345.761.928-09,CPF
719,721,Giovanna Nunes,None,Feminino,1992-07-10,348.712.695-82,CPF
720,722,Natália Souza,None,Feminino,1957-05-27,381.472.509-32,CPF
721,723,Alice Moraes,None,Feminino,1953-11-30,912.635.480-24,CPF
722,724,Isabel Rezende,None,Feminino,1967-05-05,690.271.354-52,CPF
723,725,João Guilherme Santos,None,Masculino,1981-08-05,813.527.096-86,CPF
724,726,Luana Souza,None,Feminino,2005-08-26,725.406.198-94,CPF
725,727,Ana Júlia Cardoso,None,Feminino,1974-06-24,678.254.190-49,CPF
726,728,Maria Julia Nascimento,None,Feminino,1996-05-10,576.412.093-43,CPF
727,729,Fernanda Moura,None,Feminino,1994-08-04,751.036.824-35,CPF
728,730,Marina da Luz,None,Feminino,2000-02-20,205.846.371-44,CPF
729,731,Guilherme Santos,None,Masculino,1939-09-02,275.039.461-99,CPF
730,732,Guilherme Ferreira,None,Masculino,1968-02-29,509.173.628-02,CPF
731,733,Thomas Moreira,None,Masculino,1980-04-23,195.673.024-99,CPF
732,734,Caio Moraes,None,Masculino,1943-11-13,923.816.054-60,CPF
733,735,Mariana Vieira,None,Feminino,1951-07-05,936.581.247-09,CPF
734,736,Luiz Otávio Oliveira,None,Masculino,1982-09-17,951.724.308-14,CPF
735,737,Esther Oliveira,None,Feminino,1981-09-20,052.143.768-71,CPF
736,738,Luna Monteiro,None,Feminino,1935-12-27,972.653.410-07,CPF
737,739,Caroline da Conceição,None,Feminino,1944-09-14,514.369.720-43,CPF
738,740,João da Cunha,None,Masculino,1983-12-17,170.894.652-76,CPF
739,741,Juan Silva,None,Masculino,1983-10-01,054.231.976-43,CPF
740,742,Erick da Luz,None,Masculino,1943-03-31,871.592.460-20,CPF
741,743,Ana Carolina Cardoso,None,Feminino,1965-12-30,405.683.271-44,CPF
742,744,Melissa Viana,None,Feminino,1945-08-27,641.532.897-28,CPF
743,745,Matheus da Paz,None,Masculino,1942-02-25,417.928.653-09,CPF
744,746,Rebeca Martins,None,Feminino,1949-07-17,619.487.530-57,CPF
745,747,Maria Clara Cardoso,None,Feminino,1957-10-10,647.951.230-80,CPF
746,748,Kamilly Vieira,None,Feminino,1990-11-23,786.134.920-96,CPF
747,749,Alana Dias,None,Feminino,1941-09-30,270.495.613-80,CPF
748,750,Lucas Duarte,None,Masculino,1946-02-21,639.128.047-96,CPF
749,751,Letícia da Rosa,None,Feminino,1978-11-28,962.183.450-33,CPF
750,752,Ana Vitória Monteiro,None,Feminino,1949-03-04,814.652.397-82,CPF
751,753,Luiz Miguel Porto,None,Masculino,2001-08-27,109.438.256-60,CPF
752,754,Ian Melo,None,Masculino,1961-08-09,678.290.154-49,CPF
753,755,Henrique Barbosa,None,Masculino,1946-07-07,651.347.920-70,CPF
754,756,Gustavo Melo,None,Masculino,1939-10-15,367.145.029-07,CPF
755,757,Antônio Martins,None,Masculino,1951-03-20,698.420.375-92,CPF
756,758,Luigi Silva,None,Masculino,1964-03-14,710.849.653-48,CPF
757,759,Caio Barbosa,None,Masculino,1976-10-30,582.647.319-37,CPF
758,760,Vinicius Novaes,None,Masculino,1968-06-14,605.983.427-29,CPF
759,761,Maria Luiza Santos,None,Feminino,1952-04-13,754.129.036-06,CPF
760,762,Fernando Azevedo,None,Masculino,1959-02-26,927.486.501-58,CPF
761,763,Isaac Mendes,None,Masculino,1967-12-11,825.379.406-10,CPF
762,764,Mirella Cavalcanti,None,Feminino,1989-07-10,462.391.057-16,CPF
763,765,Marcela da Mata,None,Feminino,1935-04-03,843.150.297-50,CPF
764,766,Maysa Silva,None,Feminino,1943-03-19,028.596.741-01,CPF
765,767,Davi Lucas Pinto,None,Masculino,1978-10-06,190.376.425-43,CPF
766,768,Valentina Peixoto,None,Feminino,2000-10-08,472.513.690-52,CPF
767,769,Natália Gonçalves,None,Feminino,1948-10-14,587.693.104-75,CPF
768,770,Raul Souza,None,Masculino,1945-06-25,830.764.295-74,CPF
769,771,Ian Monteiro,None,Masculino,2005-01-31,492.765.180-02,CPF
770,772,Nicolas Nogueira,None,Masculino,1949-07-18,801.324.765-17,CPF
771,773,Rafael Fogaça,None,Masculino,2004-04-17,046.951.328-42,CPF
772,774,Rafael Novaes,None,Masculino,2006-05-25,579.283.046-00,CPF
773,775,Maria Freitas,None,Feminino,1973-11-04,678.105.243-80,CPF
774,776,Lucas Gabriel da Mata,None,Masculino,1934-03-10,259.783.016-03,CPF
775,777,Pedro Miguel Barbosa,None,Masculino,1995-03-02,724.865.103-62,CPF
776,778,Alícia Dias,None,Feminino,2004-10-25,695.234.810-70,CPF
777,779,Heitor Peixoto,None,Masculino,1986-01-31,487.029.615-20,CPF
778,780,Davi Cardoso,None,Masculino,1934-01-14,348.159.607-39,CPF
779,781,Antônio Lima,None,Masculino,1969-05-05,826.179.340-04,CPF
780,782,João Guilherme da Rocha,None,Masculino,1954-12-18,271.905.648-02,CPF
781,783,Julia Fernandes,None,Feminino,2000-07-18,234.157.680-07,CPF
782,784,Sabrina Dias,None,Feminino,1984-06-11,327.109.856-59,CPF
783,785,João Pedro Fogaça,None,Masculino,1939-04-15,568.034.972-83,CPF
784,786,João Miguel Monteiro,None,Masculino,1970-03-31,642.075.193-43,CPF
785,787,Lucas Gabriel Almeida,None,Masculino,1995-04-16,902.741.683-40,CPF
786,788,Eduardo Santos,None,Masculino,1969-01-20,371.654.289-09,CPF
787,789,Thiago Martins,None,Masculino,1952-04-28,092.835.167-02,CPF
788,790,Sarah Teixeira,None,Feminino,1964-08-18,506.312.947-16,CPF
789,791,Catarina da Mata,None,Feminino,1936-10-09,087.695.431-00,CPF
790,792,Pietra Lima,None,Feminino,1986-09-23,832.041.756-26,CPF
791,793,Mariane Duarte,None,Feminino,1951-08-19,015.732.649-70,CPF
792,794,Calebe Correia,None,Masculino,2000-02-24,918.630.472-04,CPF
793,795,Antônio Farias,None,Masculino,1943-07-23,376.945.218-64,CPF
794,796,Maria Vitória Peixoto,None,Feminino,1968-08-05,591.872.403-60,CPF
795,797,Bruna Nascimento,None,Feminino,1950-02-03,148.275.639-00,CPF
796,798,Nina da Cruz,None,Feminino,1963-06-04,246.037.815-71,CPF
797,799,Murilo Fernandes,None,Masculino,1939-10-22,081.249.675-20,CPF
798,800,Yago da Rocha,None,Masculino,1979-11-15,240.965.173-99,CPF
799,801,Eduardo Novaes,None,Masculino,1986-10-10,890.543.276-00,CPF
800,802,Eduardo Novaes,None,Masculino,1948-02-02,847.120.693-50,CPF
801,803,João Vitor da Conceição,None,Masculino,1956-05-10,308.549.271-23,CPF
802,804,Catarina das Neves,None,Feminino,1974-03-09,320.984.167-50,CPF
803,805,Carlos Eduardo Mendes,None,Masculino,1969-01-21,032.769.841-13,CPF
804,806,Emanuel Cunha,None,Masculino,1949-02-21,594.738.261-09,CPF
805,807,Bianca Moura,None,Feminino,1941-03-09,150.932.467-43,CPF
806,808,Joaquim Melo,None,Masculino,1960-05-09,261.305.478-62,CPF
807,809,Isis Santos,None,Feminino,1936-01-12,061.739.285-40,CPF
808,810,Davi Aragão,None,Masculino,1996-09-19,432.159.680-70,CPF
809,811,Catarina Cavalcanti,None,Feminino,1957-12-12,583.072.914-88,CPF
810,812,Ana Ribeiro,None,Feminino,1972-12-18,368.590.724-74,CPF
811,813,Ana Vitória Campos,None,Feminino,1980-09-03,570.263.918-95,CPF
812,814,Gabrielly Vieira,None,Feminino,1948-07-25,965.084.327-29,CPF
813,815,Paulo Fernandes,None,Masculino,1990-05-08,419.687.325-19,CPF
814,816,Mariane da Mota,None,Feminino,1945-02-18,802.163.745-53,CPF
815,817,Gabrielly Almeida,None,Feminino,1959-09-17,843.219.576-64,CPF
816,818,Maria Clara Oliveira,None,Feminino,1974-07-22,873.512.064-90,CPF
817,819,Lorenzo Moraes,None,Masculino,1972-04-22,043.629.158-42,CPF
818,820,Clara Rezende,None,Feminino,1978-08-09,895.376.021-68,CPF
819,821,Gustavo Henrique da Luz,None,Masculino,1934-08-13,591.084.276-58,CPF
820,822,Anthony Nogueira,None,Masculino,1970-08-11,784.635.109-57,CPF
821,823,Daniel Porto,None,Masculino,2006-04-26,267.915.430-43,CPF
822,824,Rafael Monteiro,None,Masculino,1980-12-16,402.857.916-30,CPF
823,825,Maria Cecília Pinto,None,Feminino,1968-05-05,467.031.895-01,CPF
824,826,Pietra Moreira,None,Feminino,2000-10-09,914.628.507-58,CPF
825,827,Natália Alves,None,Feminino,1997-11-08,752.380.146-35,CPF
826,828,Juan Barros,None,Masculino,1956-06-27,208.976.531-30,CPF
827,829,Ana Sophia Ramos,None,Feminino,1965-12-10,946.280.173-87,CPF
828,830,Amanda Araújo,None,Feminino,1973-12-29,481.965.032-70,CPF
829,831,Leonardo Silveira,None,Masculino,1951-12-30,146.058.973-48,CPF
830,832,Giovanna Nogueira,None,Feminino,1954-04-18,285.174.360-08,CPF
831,833,Lavínia Silveira,None,Feminino,1973-05-29,913.245.087-79,CPF
832,834,Melissa Jesus,None,Feminino,2002-06-11,526.398.107-40,CPF
833,835,Theo Nogueira,None,Masculino,1957-05-12,612.475.803-26,CPF
834,836,Luiza Castro,None,Feminino,1948-06-18,831.597.046-10,CPF
835,837,Kevin Duarte,None,Masculino,1934-01-04,539.726.410-52,CPF
836,838,Miguel Ferreira,None,Masculino,1986-05-05,593.860.427-38,CPF
837,839,Yuri Jesus,None,Masculino,1950-06-11,594.032.718-41,CPF
838,840,Laís Oliveira,None,Feminino,1996-10-12,594.712.308-88,CPF
839,841,Kaique Lopes,None,Masculino,1967-10-01,362.079.581-95,CPF
840,842,Anthony Correia,None,Masculino,1989-11-22,186.930.254-06,CPF
841,843,Luiz Henrique Almeida,None,Masculino,1935-10-27,720.534.891-97,CPF
842,844,Luiz Miguel Pinto,None,Masculino,1956-06-04,687.514.302-07,CPF
843,845,Caroline da Costa,None,Feminino,1936-04-10,860.479.235-00,CPF
844,846,Melissa Ramos,None,Feminino,1970-12-16,183.405.927-50,CPF
845,847,Lara das Neves,None,Feminino,1979-07-16,530.296.147-43,CPF
846,848,Beatriz da Rocha,None,Feminino,1968-11-12,781.629.430-13,CPF
847,849,Mirella Alves,None,Feminino,1988-05-17,904.631.578-93,CPF
848,850,Henrique Cardoso,None,Masculino,1942-03-14,893.027.156-12,CPF
849,851,Caroline Peixoto,None,Feminino,1962-09-26,419.785.230-41,CPF
850,852,Maysa Barros,None,Feminino,1984-09-12,035.412.967-80,CPF
851,853,Luiz Felipe Teixeira,None,Masculino,1994-04-18,932.140.876-22,CPF
852,854,Lorena Almeida,None,Feminino,1988-01-29,130.926.847-96,CPF
853,855,Igor Moura,None,Masculino,1936-01-22,259.640.138-05,CPF
854,856,Davi Lucca Souza,None,Masculino,1978-08-02,230.159.874-88,CPF
855,857,Heloísa da Mata,None,Feminino,1937-05-23,629.185.340-05,CPF
856,858,Isabel Cavalcanti,None,Feminino,1972-10-07,021.784.569-01,CPF
857,859,Alana Oliveira,None,Feminino,1958-11-20,279.065.814-58,CPF
858,860,Bianca Campos,None,Feminino,1974-11-05,236.871.590-86,CPF
859,861,Ana Julia Silveira,None,Feminino,1993-10-29,143.759.086-10,CPF
860,862,Guilherme Moraes,None,Masculino,1967-04-13,217.359.804-04,CPF
861,863,Rodrigo Costela,None,Masculino,1947-06-08,973.064.851-48,CPF
862,864,Juan da Conceição,None,Masculino,1946-05-21,764.913.025-80,CPF
863,865,Yago Ramos,None,Masculino,1949-10-06,907.328.165-21,CPF
864,866,Lorena Cardoso,None,Feminino,1990-12-24,201.895.437-79,CPF
865,867,Elisa Gonçalves,None,Feminino,1954-01-25,259.104.836-33,CPF
866,868,Vicente Nogueira,None,Masculino,1955-01-23,680.157.324-17,CPF
867,869,Paulo da Paz,None,Masculino,1941-06-06,901.672.458-30,CPF
868,870,Bernardo Souza,None,Masculino,1972-05-20,096.287.351-95,CPF
869,871,Igor Mendes,None,Masculino,1954-12-16,165.472.908-67,CPF
870,872,Lívia Nunes,None,Feminino,1947-05-07,930.275.614-99,CPF
871,873,Daniel Cardoso,None,Masculino,1953-05-09,125.670.893-30,CPF
872,874,Stephany Santos,None,Feminino,1954-07-21,912.483.076-31,CPF
873,875,Luna Souza,None,Feminino,1969-03-12,210.589.473-97,CPF
874,876,Luiza Freitas,None,Feminino,1979-02-14,168.975.432-09,CPF
875,877,Yuri da Mota,None,Masculino,2006-08-27,603.821.459-33,CPF
876,878,Esther Costela,None,Feminino,2004-09-13,312.896.475-00,CPF
877,879,Otávio Carvalho,None,Masculino,1984-02-01,237.591.480-50,CPF
878,880,Matheus Alves,None,Masculino,1973-02-03,862.074.359-74,CPF
879,881,Otávio Gomes,None,Masculino,2004-02-10,187.302.965-95,CPF
880,882,Lorenzo Sales,None,Masculino,1993-09-19,842.695.017-58,CPF
881,883,Bárbara Novaes,None,Feminino,1957-03-26,685.901.342-70,CPF
882,884,Vitor Gabriel Sales,None,Masculino,1971-02-01,592.436.180-24,CPF
883,885,Leandro Silva,None,Masculino,2000-09-19,510.698.743-10,CPF
884,886,Luna das Neves,None,Feminino,1941-12-02,450.768.193-66,CPF
885,887,Pietro Fogaça,None,Masculino,1943-07-05,860.437.519-84,CPF
886,888,Nicolas Monteiro,None,Masculino,1951-01-23,348.295.670-74,CPF
887,889,Gabrielly Gonçalves,None,Feminino,1972-07-22,041.572.693-06,CPF
888,890,Larissa Fogaça,None,Feminino,1975-02-04,890.152.746-49,CPF
889,891,Maria Novaes,None,Feminino,1980-06-13,594.806.271-67,CPF
890,892,João Guilherme Teixeira,None,Masculino,1950-12-09,236.890.475-10,CPF
891,893,Francisco da Cruz,None,Masculino,1959-06-08,154.730.682-35,CPF
892,894,Eduarda da Paz,None,Feminino,2005-03-10,407.168.539-57,CPF
893,895,Milena Lopes,None,Feminino,1944-03-09,847.105.923-14,CPF
894,896,Nina Mendes,None,Feminino,1948-09-03,081.974.526-01,CPF
895,897,Mariane Peixoto,None,Feminino,1983-03-13,548.760.932-29,CPF
896,898,Samuel Silveira,None,Masculino,1989-09-06,981.734.026-04,CPF
897,899,Bianca Rodrigues,None,Feminino,1992-08-22,960.587.314-10,CPF
898,900,Diogo Alves,None,Masculino,1991-02-21,802.943.167-87,CPF
899,901,Manuela Almeida,None,Feminino,1967-06-30,679.134.052-52,CPF
900,902,Leonardo Dias,None,Masculino,1943-06-03,713.986.524-82,CPF
901,903,Maria Julia da Mata,None,Feminino,1956-01-12,093.214.765-80,CPF
902,904,Beatriz Dias,None,Feminino,1947-02-17,325.071.486-08,CPF
903,905,Antônio Campos,None,Masculino,1983-11-02,971.286.430-87,CPF
904,906,Eduarda Vieira,None,Feminino,1951-11-17,046.371.598-57,CPF
905,907,Alana Rocha,None,Feminino,1998-08-10,697.120.843-96,CPF
906,908,Melissa da Costa,None,Feminino,1989-05-09,308.642.719-13,CPF
907,909,Enzo Gabriel Correia,None,Masculino,1935-03-24,105.679.823-86,CPF
908,910,André da Mota,None,Masculino,1976-03-17,029.856.734-29,CPF
909,911,Melissa Fernandes,None,Feminino,1978-11-07,716.590.482-49,CPF
910,912,Carlos Eduardo da Mata,None,Masculino,1965-09-05,361.205.948-33,CPF
911,913,Samuel Ribeiro,None,Masculino,1946-05-15,935.420.671-99,CPF
912,914,Arthur Costa,None,Masculino,1969-07-03,496.520.783-10,CPF
913,915,Carolina Cardoso,None,Feminino,1943-04-14,810.567.429-76,CPF
914,916,Alice Pinto,None,Feminino,1964-05-25,420.873.915-05,CPF
915,917,Renan Aragão,None,Masculino,1966-05-12,485.972.130-60,CPF
916,918,João Felipe Jesus,None,Masculino,1996-04-23,340.267.591-99,CPF
917,919,Mariana Monteiro,None,Feminino,1990-03-05,154.389.670-75,CPF
918,920,Larissa Barros,None,Feminino,1993-11-05,012.368.945-70,CPF
919,921,João Miguel Araújo,None,Masculino,1985-06-07,534.061.789-01,CPF
920,922,Maria Eduarda da Mata,None,Feminino,2006-07-14,315.426.087-08,CPF
921,923,Vitor Hugo Viana,None,Masculino,1948-12-27,361.490.257-99,CPF
922,924,Danilo Rodrigues,None,Masculino,1987-12-27,653.709.218-30,CPF
923,925,Elisa Cavalcanti,None,Feminino,1955-12-14,470.518.623-08,CPF
924,926,Vitória Peixoto,None,Feminino,1981-06-14,875.342.106-07,CPF
925,927,Marcos Vinicius Correia,None,Masculino,1944-07-22,591.827.436-73,CPF
926,928,Sarah Jesus,None,Feminino,1945-09-11,654.371.920-61,CPF
927,929,Marcelo Lopes,None,Masculino,1996-04-08,048.159.267-94,CPF
928,930,Calebe Rocha,None,Masculino,1933-11-13,304.679.152-61,CPF
929,931,Vinicius Correia,None,Masculino,2004-11-13,063.541.879-75,CPF
930,932,Marcela Pinto,None,Feminino,1979-03-19,519.340.287-97,CPF
931,933,Evelyn Aragão,None,Feminino,1964-06-05,152.368.409-70,CPF
932,934,Laís Cunha,None,Feminino,1991-05-06,408.261.397-87,CPF
933,935,Sophia Dias,None,Feminino,1977-11-10,078.639.154-57,CPF
934,936,Marcelo Oliveira,None,Masculino,1969-06-09,851.296.370-03,CPF
935,937,João Lucas da Mota,None,Masculino,1940-02-05,916.205.387-68,CPF
936,938,João Freitas,None,Masculino,1992-01-25,320.681.459-60,CPF
937,939,Mariana Castro,None,Feminino,1934-02-28,628.573.109-86,CPF
938,940,André Cardoso,None,Masculino,1956-02-27,251.347.680-80,CPF
939,941,Enzo Freitas,None,Masculino,1934-04-28,860.251.974-58,CPF
940,942,Ana Julia Aragão,None,Feminino,1995-06-19,064.923.851-60,CPF
941,943,Ana Sophia Pires,None,Feminino,1960-09-10,601.975.428-67,CPF
942,944,Luiz Otávio Gomes,None,Masculino,1936-03-26,859.463.017-48,CPF
943,945,Thomas Cavalcanti,None,Masculino,1979-12-24,732.408.196-78,CPF
944,946,Rodrigo Lopes,None,Masculino,1997-10-15,196.853.024-05,CPF
945,947,Felipe Correia,None,Masculino,1966-11-25,035.846.179-01,CPF
946,948,Rafaela Cunha,None,Feminino,1996-04-26,530.479.681-01,CPF
947,949,Alana Sales,None,Feminino,1960-01-19,103.762.948-50,CPF
948,950,Eduardo Alves,None,Masculino,1990-04-10,195.627.043-43,CPF
949,951,Joana Martins,None,Feminino,1940-05-02,632.079.514-06,CPF
950,952,Augusto Pinto,None,Masculino,1974-08-05,406.837.512-71,CPF
951,953,Evelyn Araújo,None,Feminino,1965-08-18,798.264.130-03,CPF
952,954,João Miguel Araújo,None,Masculino,1991-05-21,143.567.289-55,CPF
953,955,Daniel Nunes,None,Masculino,1972-03-10,182.756.043-62,CPF
954,956,Levi da Conceição,None,Masculino,1978-05-30,680.142.759-85,CPF
955,957,Kevin Mendes,None,Masculino,1953-03-16,698.312.504-51,CPF
956,958,Ana Sophia Moreira,None,Feminino,1979-10-11,975.312.864-91,CPF
957,959,Thiago da Rosa,None,Masculino,1950-06-02,253.071.968-30,CPF
958,960,Carolina da Paz,None,Feminino,1970-10-01,502.761.983-95,CPF
959,961,Giovanna Monteiro,None,Feminino,1964-10-23,976.084.532-65,CPF
960,962,Emanuelly Costela,None,Feminino,1957-01-13,491.236.780-03,CPF
961,963,Alana Azevedo,None,Feminino,1985-12-16,230.914.658-70,CPF
962,964,Antônio Cunha,None,Masculino,1944-03-16,903.671.452-43,CPF
963,965,João Lucas das Neves,None,Masculino,1985-09-22,865.243.179-55,CPF
964,966,Yago Peixoto,None,Masculino,1983-01-10,923.875.416-00,CPF
965,967,Renan Gomes,None,Masculino,1998-06-24,839.416.570-20,CPF
966,968,Helena das Neves,None,Feminino,1987-12-26,025.716.348-44,CPF
967,969,Yago Pereira,None,Masculino,1942-01-31,650.891.243-70,CPF
968,970,Luiz Henrique Gomes,None,Masculino,1965-11-04,706.591.482-85,CPF
969,971,Larissa da Mota,None,Feminino,1963-02-21,721.483.059-05,CPF
970,972,Maria Alice Jesus,None,Feminino,1964-08-30,042.586.931-89,CPF
971,973,Raquel da Paz,None,Feminino,1964-12-03,471.309.562-16,CPF
972,974,Yago Oliveira,None,Masculino,1941-08-05,802.496.175-01,CPF
973,975,Mariane Rocha,None,Feminino,1960-11-14,237.608.194-78,CPF
974,976,Carolina Teixeira,None,Feminino,1961-12-17,529.736.108-77,CPF
975,977,Murilo Silva,None,Masculino,1934-05-20,075.639.812-68,CPF
976,978,Marcela Peixoto,None,Feminino,1977-10-14,095.624.713-06,CPF
977,979,Enzo Costela,None,Masculino,1996-01-30,508.796.124-01,CPF
978,980,Lara Fogaça,None,Feminino,1984-04-17,391.705.628-30,CPF
979,981,Stella Dias,None,Feminino,1991-07-05,457.028.193-14,CPF
980,982,Vitória da Cruz,None,Feminino,1941-02-20,142.963.758-73,CPF
981,983,Vicente Pinto,None,Masculino,1989-03-12,183.746.509-66,CPF
982,984,João Lucas Gonçalves,None,Masculino,1984-02-13,145.063.792-25,CPF
983,985,Bianca Lopes,None,Feminino,1950-11-17,468.502.917-85,CPF
984,986,Mariana da Costa,None,Feminino,1963-09-19,972.138.540-97,CPF
985,987,Juan Nogueira,None,Masculino,1994-07-02,436.219.785-00,CPF
986,988,Gustavo Henrique Barbosa,None,Masculino,1955-05-07,794.683.520-56,CPF
987,989,Fernanda da Cunha,None,Feminino,1993-05-08,423.695.081-24,CPF
988,990,Daniel Fogaça,None,Masculino,1965-03-15,602.784.139-78,CPF
989,991,Caroline Ferreira,None,Feminino,1985-02-06,327.065.498-74,CPF
990,992,Brenda Ribeiro,None,Feminino,2001-09-16,630.197.548-01,CPF
991,993,Bianca Ribeiro,None,Feminino,1947-04-07,643.908.257-47,CPF
992,994,Matheus Ferreira,None,Masculino,1993-12-02,270.846.319-50,CPF
993,995,Murilo Freitas,None,Masculino,1986-08-08,693.508.421-06,CPF
994,996,André Novaes,None,Masculino,1948-05-11,328.764.190-50,CPF
995,997,Thiago Melo,None,Masculino,1992-01-24,348.107.265-17,CPF
996,998,Rebeca Vieira,None,Feminino,1972-04-28,973.814.260-13,CPF
997,999,Ana Julia da Conceição,None,Feminino,2005-03-12,847.261.539-19,CPF
998,1000,João Pedro Gonçalves,None,Masculino,1989-10-25,362.714.509-70,CPF
999,1001,Clarice Monteiro,None,Feminino,1970-06-03,541.962.083-98,CPF
1000,1002,Bruna Gonçalves,None,Feminino,1986-03-20,632.840.517-08,CPF
1001,1003,Igor Lopes,None,Masculino,2004-07-09,358.607.124-80,CPF
1002,1004,Bianca Ribeiro,None,Feminino,1987-07-26,657.419.380-00,CPF
1003,1005,João Miguel da Paz,None,Masculino,1945-05-23,841.295.037-23,CPF
1004,1006,Maria Julia Cardoso,None,Feminino,1935-07-22,419.765.803-66,CPF
1005,1008,Arouldo Xuxu,,masculino,1955-02-05,12.321.654-3,RG
